1556466756506,87,Open http://localhost:8080/spring-boot-jmeter/,302,,Sample Thread Group 1-1,,true,138,87
1556466756506,87,Open http://localhost:8080/spring-boot-jmeter/,302,,Sample Thread Group 1-4,,true,138,87
1556466756506,87,Open http://localhost:8080/spring-boot-jmeter/,302,,Sample Thread Group 1-2,,true,138,87
1556466756506,87,Open http://localhost:8080/spring-boot-jmeter/,302,,Sample Thread Group 1-3,,true,138,87
1556466756517,76,Open http://localhost:8080/spring-boot-jmeter/,302,,Sample Thread Group 1-6,,true,138,76
1556466756506,87,Open http://localhost:8080/spring-boot-jmeter/,302,,Sample Thread Group 1-5,,true,138,87
1556466756616,2,Open http://localhost:8080/spring-boot-jmeter/,302,,Sample Thread Group 1-7,,true,138,2
1556466756716,1,Open http://localhost:8080/spring-boot-jmeter/,302,,Sample Thread Group 1-8,,true,138,1
1556466756816,2,Open http://localhost:8080/spring-boot-jmeter/,302,,Sample Thread Group 1-9,,true,138,2
1556466756916,2,Open http://localhost:8080/spring-boot-jmeter/,302,,Sample Thread Group 1-10,,true,138,2
1556466757016,3,Open http://localhost:8080/spring-boot-jmeter/,302,,Sample Thread Group 1-11,,true,138,3
1556466757116,2,Open http://localhost:8080/spring-boot-jmeter/,302,,Sample Thread Group 1-12,,true,138,2
1556466757216,2,Open http://localhost:8080/spring-boot-jmeter/,302,,Sample Thread Group 1-13,,true,138,2
1556466757316,2,Open http://localhost:8080/spring-boot-jmeter/,302,,Sample Thread Group 1-14,,true,138,2
1556466757417,2,Open http://localhost:8080/spring-boot-jmeter/,302,,Sample Thread Group 1-15,,true,138,2
1556466757518,2,Open http://localhost:8080/spring-boot-jmeter/,302,,Sample Thread Group 1-16,,true,138,2
1556466757619,3,Open http://localhost:8080/spring-boot-jmeter/,302,,Sample Thread Group 1-17,,true,138,3
1556466757718,3,Open http://localhost:8080/spring-boot-jmeter/,302,,Sample Thread Group 1-18,,true,138,3
1556466757819,1,Open http://localhost:8080/spring-boot-jmeter/,302,,Sample Thread Group 1-19,,true,138,1
1556466757918,3,Open http://localhost:8080/spring-boot-jmeter/,302,,Sample Thread Group 1-20,,true,138,3
1556466758018,2,Open http://localhost:8080/spring-boot-jmeter/,302,,Sample Thread Group 1-21,,true,138,2
1556466758120,2,Open http://localhost:8080/spring-boot-jmeter/,302,,Sample Thread Group 1-22,,true,138,2
1556466758219,2,Open http://localhost:8080/spring-boot-jmeter/,302,,Sample Thread Group 1-23,,true,138,2
1556466758318,4,Open http://localhost:8080/spring-boot-jmeter/,302,,Sample Thread Group 1-24,,true,138,4
1556466758419,2,Open http://localhost:8080/spring-boot-jmeter/,302,,Sample Thread Group 1-25,,true,138,2
1556466758519,2,Open http://localhost:8080/spring-boot-jmeter/,302,,Sample Thread Group 1-26,,true,138,2
1556466758620,2,Open http://localhost:8080/spring-boot-jmeter/,302,,Sample Thread Group 1-27,,true,138,2
1556466758719,2,Open http://localhost:8080/spring-boot-jmeter/,302,,Sample Thread Group 1-28,,true,138,2
1556466758820,2,Open http://localhost:8080/spring-boot-jmeter/,302,,Sample Thread Group 1-29,,true,138,2
1556466758920,2,Open http://localhost:8080/spring-boot-jmeter/,302,,Sample Thread Group 1-30,,true,138,2
1556466759019,2,Open http://localhost:8080/spring-boot-jmeter/,302,,Sample Thread Group 1-31,,true,138,2
1556466759121,3,Open http://localhost:8080/spring-boot-jmeter/,302,,Sample Thread Group 1-32,,true,138,3
1556466759221,3,Open http://localhost:8080/spring-boot-jmeter/,302,,Sample Thread Group 1-33,,true,138,3
1556466759321,2,Open http://localhost:8080/spring-boot-jmeter/,302,,Sample Thread Group 1-34,,true,138,2
1556466759422,1,Open http://localhost:8080/spring-boot-jmeter/,302,,Sample Thread Group 1-35,,true,138,1
1556466759521,2,Open http://localhost:8080/spring-boot-jmeter/,302,,Sample Thread Group 1-36,,true,138,2
1556466759622,2,Open http://localhost:8080/spring-boot-jmeter/,302,,Sample Thread Group 1-37,,true,138,2
1556466759722,2,Open http://localhost:8080/spring-boot-jmeter/,302,,Sample Thread Group 1-38,,true,138,2
1556466759823,1,Open http://localhost:8080/spring-boot-jmeter/,302,,Sample Thread Group 1-39,,true,138,1
1556466759922,2,Open http://localhost:8080/spring-boot-jmeter/,302,,Sample Thread Group 1-40,,true,138,2
1556466760022,2,Open http://localhost:8080/spring-boot-jmeter/,302,,Sample Thread Group 1-41,,true,138,2
1556466760122,2,Open http://localhost:8080/spring-boot-jmeter/,302,,Sample Thread Group 1-42,,true,138,2
1556466760223,2,Open http://localhost:8080/spring-boot-jmeter/,302,,Sample Thread Group 1-43,,true,138,2
1556466760322,2,Open http://localhost:8080/spring-boot-jmeter/,302,,Sample Thread Group 1-44,,true,138,2
1556466760423,2,Open http://localhost:8080/spring-boot-jmeter/,302,,Sample Thread Group 1-45,,true,138,2
1556466760524,1,Open http://localhost:8080/spring-boot-jmeter/,302,,Sample Thread Group 1-46,,true,138,1
1556466760623,2,Open http://localhost:8080/spring-boot-jmeter/,302,,Sample Thread Group 1-47,,true,138,2
1556466760723,1,Open http://localhost:8080/spring-boot-jmeter/,302,,Sample Thread Group 1-48,,true,138,1
1556466760824,2,Open http://localhost:8080/spring-boot-jmeter/,302,,Sample Thread Group 1-49,,true,138,2
1556466760924,2,Open http://localhost:8080/spring-boot-jmeter/,302,,Sample Thread Group 1-50,,true,138,2
1556466761024,3,Open http://localhost:8080/spring-boot-jmeter/,302,,Sample Thread Group 1-51,,true,138,3
1556466761125,1,Open http://localhost:8080/spring-boot-jmeter/,302,,Sample Thread Group 1-52,,true,138,1
1556466761225,1,Open http://localhost:8080/spring-boot-jmeter/,302,,Sample Thread Group 1-53,,true,138,1
1556466761325,2,Open http://localhost:8080/spring-boot-jmeter/,302,,Sample Thread Group 1-54,,true,138,2
1556466761426,1,Open http://localhost:8080/spring-boot-jmeter/,302,,Sample Thread Group 1-55,,true,138,1
1556466761527,1,Open http://localhost:8080/spring-boot-jmeter/,302,,Sample Thread Group 1-56,,true,138,1
1556466761627,1,Open http://localhost:8080/spring-boot-jmeter/,302,,Sample Thread Group 1-57,,true,138,1
1556466761727,2,Open http://localhost:8080/spring-boot-jmeter/,302,,Sample Thread Group 1-58,,true,138,2
1556466761828,1,Open http://localhost:8080/spring-boot-jmeter/,302,,Sample Thread Group 1-59,,true,138,1
1556466761927,2,Open http://localhost:8080/spring-boot-jmeter/,302,,Sample Thread Group 1-60,,true,138,2
1556466762027,2,Open http://localhost:8080/spring-boot-jmeter/,302,,Sample Thread Group 1-61,,true,138,2
1556466762129,2,Open http://localhost:8080/spring-boot-jmeter/,302,,Sample Thread Group 1-62,,true,138,2
1556466762229,1,Open http://localhost:8080/spring-boot-jmeter/,302,,Sample Thread Group 1-63,,true,138,1
1556466762329,2,Open http://localhost:8080/spring-boot-jmeter/,302,,Sample Thread Group 1-64,,true,138,2
1556466762434,6,Open http://localhost:8080/spring-boot-jmeter/,302,,Sample Thread Group 1-65,,true,138,6
1556466762529,2,Open http://localhost:8080/spring-boot-jmeter/,302,,Sample Thread Group 1-66,,true,138,2
1556466762630,1,Open http://localhost:8080/spring-boot-jmeter/,302,,Sample Thread Group 1-67,,true,138,1
1556466762729,2,Open http://localhost:8080/spring-boot-jmeter/,302,,Sample Thread Group 1-68,,true,138,2
1556466762830,2,Open http://localhost:8080/spring-boot-jmeter/,302,,Sample Thread Group 1-69,,true,138,2
1556466762930,1,Open http://localhost:8080/spring-boot-jmeter/,302,,Sample Thread Group 1-70,,true,138,1
1556466763030,1,Open http://localhost:8080/spring-boot-jmeter/,302,,Sample Thread Group 1-71,,true,138,1
1556466763129,2,Open http://localhost:8080/spring-boot-jmeter/,302,,Sample Thread Group 1-72,,true,138,2
1556466763230,1,Open http://localhost:8080/spring-boot-jmeter/,302,,Sample Thread Group 1-73,,true,138,1
1556466763330,1,Open http://localhost:8080/spring-boot-jmeter/,302,,Sample Thread Group 1-74,,true,138,1
1556466763430,2,Open http://localhost:8080/spring-boot-jmeter/,302,,Sample Thread Group 1-75,,true,138,2
1556466763530,2,Open http://localhost:8080/spring-boot-jmeter/,302,,Sample Thread Group 1-76,,true,138,2
1556466763631,2,Open http://localhost:8080/spring-boot-jmeter/,302,,Sample Thread Group 1-77,,true,138,2
1556466763731,2,Open http://localhost:8080/spring-boot-jmeter/,302,,Sample Thread Group 1-78,,true,138,2
1556466763831,2,Open http://localhost:8080/spring-boot-jmeter/,302,,Sample Thread Group 1-79,,true,138,2
1556466763931,2,Open http://localhost:8080/spring-boot-jmeter/,302,,Sample Thread Group 1-80,,true,138,2
1556466764031,2,Open http://localhost:8080/spring-boot-jmeter/,302,,Sample Thread Group 1-81,,true,138,2
1556466764132,1,Open http://localhost:8080/spring-boot-jmeter/,302,,Sample Thread Group 1-82,,true,138,1
1556466764232,2,Open http://localhost:8080/spring-boot-jmeter/,302,,Sample Thread Group 1-83,,true,138,2
1556466764332,2,Open http://localhost:8080/spring-boot-jmeter/,302,,Sample Thread Group 1-84,,true,138,2
1556466764433,1,Open http://localhost:8080/spring-boot-jmeter/,302,,Sample Thread Group 1-85,,true,138,1
1556466764533,2,Open http://localhost:8080/spring-boot-jmeter/,302,,Sample Thread Group 1-86,,true,138,2
1556466764632,2,Open http://localhost:8080/spring-boot-jmeter/,302,,Sample Thread Group 1-87,,true,138,2
1556466764733,1,Open http://localhost:8080/spring-boot-jmeter/,302,,Sample Thread Group 1-88,,true,138,1
1556466764834,1,Open http://localhost:8080/spring-boot-jmeter/,302,,Sample Thread Group 1-89,,true,138,1
1556466764934,2,Open http://localhost:8080/spring-boot-jmeter/,302,,Sample Thread Group 1-90,,true,138,2
1556466765033,2,Open http://localhost:8080/spring-boot-jmeter/,302,,Sample Thread Group 1-91,,true,138,2
1556466765134,1,Open http://localhost:8080/spring-boot-jmeter/,302,,Sample Thread Group 1-92,,true,138,1
1556466765234,2,Open http://localhost:8080/spring-boot-jmeter/,302,,Sample Thread Group 1-93,,true,138,2
1556466765334,2,Open http://localhost:8080/spring-boot-jmeter/,302,,Sample Thread Group 1-94,,true,138,2
1556466765434,2,Open http://localhost:8080/spring-boot-jmeter/,302,,Sample Thread Group 1-95,,true,138,2
1556466765536,1,Open http://localhost:8080/spring-boot-jmeter/,302,,Sample Thread Group 1-96,,true,138,1
1556466765635,2,Open http://localhost:8080/spring-boot-jmeter/,302,,Sample Thread Group 1-97,,true,138,2
1556466765735,2,Open http://localhost:8080/spring-boot-jmeter/,302,,Sample Thread Group 1-98,,true,138,2
1556466765836,1,Open http://localhost:8080/spring-boot-jmeter/,302,,Sample Thread Group 1-99,,true,138,1
1556466765935,2,Open http://localhost:8080/spring-boot-jmeter/,302,,Sample Thread Group 1-100,,true,138,2
1556466942451,29,Open http://localhost:8080/spring-boot-jmeter/,302,,Sample Thread Group 1-6,,true,138,29
1556466942398,82,Open http://localhost:8080/spring-boot-jmeter/,302,,Sample Thread Group 1-4,,true,138,82
1556466942398,82,Open http://localhost:8080/spring-boot-jmeter/,302,,Sample Thread Group 1-5,,true,138,82
1556466942398,82,Open http://localhost:8080/spring-boot-jmeter/,302,,Sample Thread Group 1-1,,true,138,82
1556466942398,82,Open http://localhost:8080/spring-boot-jmeter/,302,,Sample Thread Group 1-3,,true,138,82
1556466942398,82,Open http://localhost:8080/spring-boot-jmeter/,302,,Sample Thread Group 1-2,,true,138,82
1556466942541,2,Open http://localhost:8080/spring-boot-jmeter/,302,,Sample Thread Group 1-7,,true,138,2
1556466942641,1,Open http://localhost:8080/spring-boot-jmeter/,302,,Sample Thread Group 1-8,,true,138,1
1556466942742,3,Open http://localhost:8080/spring-boot-jmeter/,302,,Sample Thread Group 1-9,,true,138,3
1556466942842,2,Open http://localhost:8080/spring-boot-jmeter/,302,,Sample Thread Group 1-10,,true,138,2
1556466942941,2,Open http://localhost:8080/spring-boot-jmeter/,302,,Sample Thread Group 1-11,,true,138,2
1556466943042,2,Open http://localhost:8080/spring-boot-jmeter/,302,,Sample Thread Group 1-12,,true,138,2
1556466943141,2,Open http://localhost:8080/spring-boot-jmeter/,302,,Sample Thread Group 1-13,,true,138,2
1556466943242,1,Open http://localhost:8080/spring-boot-jmeter/,302,,Sample Thread Group 1-14,,true,138,1
1556466943341,1,Open http://localhost:8080/spring-boot-jmeter/,302,,Sample Thread Group 1-15,,true,138,1
1556466943443,1,Open http://localhost:8080/spring-boot-jmeter/,302,,Sample Thread Group 1-16,,true,138,1
1556466943542,2,Open http://localhost:8080/spring-boot-jmeter/,302,,Sample Thread Group 1-17,,true,138,2
1556466943644,2,Open http://localhost:8080/spring-boot-jmeter/,302,,Sample Thread Group 1-18,,true,138,2
1556466943743,2,Open http://localhost:8080/spring-boot-jmeter/,302,,Sample Thread Group 1-19,,true,138,2
1556466943844,2,Open http://localhost:8080/spring-boot-jmeter/,302,,Sample Thread Group 1-20,,true,138,2
1556466943944,1,Open http://localhost:8080/spring-boot-jmeter/,302,,Sample Thread Group 1-21,,true,138,1
1556466944044,2,Open http://localhost:8080/spring-boot-jmeter/,302,,Sample Thread Group 1-22,,true,138,2
1556466944144,2,Open http://localhost:8080/spring-boot-jmeter/,302,,Sample Thread Group 1-23,,true,138,2
1556466944245,2,Open http://localhost:8080/spring-boot-jmeter/,302,,Sample Thread Group 1-24,,true,138,2
1556466944345,1,Open http://localhost:8080/spring-boot-jmeter/,302,,Sample Thread Group 1-25,,true,138,1
1556466944445,1,Open http://localhost:8080/spring-boot-jmeter/,302,,Sample Thread Group 1-26,,true,138,1
1556466944546,1,Open http://localhost:8080/spring-boot-jmeter/,302,,Sample Thread Group 1-27,,true,138,1
1556466944645,2,Open http://localhost:8080/spring-boot-jmeter/,302,,Sample Thread Group 1-28,,true,138,2
1556466944746,1,Open http://localhost:8080/spring-boot-jmeter/,302,,Sample Thread Group 1-29,,true,138,1
1556466944846,2,Open http://localhost:8080/spring-boot-jmeter/,302,,Sample Thread Group 1-30,,true,138,2
1556466944945,2,Open http://localhost:8080/spring-boot-jmeter/,302,,Sample Thread Group 1-31,,true,138,2
1556466945047,2,Open http://localhost:8080/spring-boot-jmeter/,302,,Sample Thread Group 1-32,,true,138,2
1556466945147,2,Open http://localhost:8080/spring-boot-jmeter/,302,,Sample Thread Group 1-33,,true,138,2
1556466945247,2,Open http://localhost:8080/spring-boot-jmeter/,302,,Sample Thread Group 1-34,,true,138,2
1556466945347,2,Open http://localhost:8080/spring-boot-jmeter/,302,,Sample Thread Group 1-35,,true,138,2
1556466945448,2,Open http://localhost:8080/spring-boot-jmeter/,302,,Sample Thread Group 1-36,,true,138,2
1556466945548,2,Open http://localhost:8080/spring-boot-jmeter/,302,,Sample Thread Group 1-37,,true,138,2
1556466945648,2,Open http://localhost:8080/spring-boot-jmeter/,302,,Sample Thread Group 1-38,,true,138,2
1556466945748,2,Open http://localhost:8080/spring-boot-jmeter/,302,,Sample Thread Group 1-39,,true,138,2
1556466945849,2,Open http://localhost:8080/spring-boot-jmeter/,302,,Sample Thread Group 1-40,,true,138,2
1556466945949,2,Open http://localhost:8080/spring-boot-jmeter/,302,,Sample Thread Group 1-41,,true,138,2
1556466946049,2,Open http://localhost:8080/spring-boot-jmeter/,302,,Sample Thread Group 1-42,,true,138,2
1556466946150,2,Open http://localhost:8080/spring-boot-jmeter/,302,,Sample Thread Group 1-43,,true,138,2
1556466946249,2,Open http://localhost:8080/spring-boot-jmeter/,302,,Sample Thread Group 1-44,,true,138,2
1556466946350,1,Open http://localhost:8080/spring-boot-jmeter/,302,,Sample Thread Group 1-45,,true,138,1
1556466946450,2,Open http://localhost:8080/spring-boot-jmeter/,302,,Sample Thread Group 1-46,,true,138,2
1556466946549,2,Open http://localhost:8080/spring-boot-jmeter/,302,,Sample Thread Group 1-47,,true,138,2
1556466946649,2,Open http://localhost:8080/spring-boot-jmeter/,302,,Sample Thread Group 1-48,,true,138,2
1556466946751,2,Open http://localhost:8080/spring-boot-jmeter/,302,,Sample Thread Group 1-49,,true,138,2
1556466946851,2,Open http://localhost:8080/spring-boot-jmeter/,302,,Sample Thread Group 1-50,,true,138,2
1556466946950,2,Open http://localhost:8080/spring-boot-jmeter/,302,,Sample Thread Group 1-51,,true,138,2
1556466947050,2,Open http://localhost:8080/spring-boot-jmeter/,302,,Sample Thread Group 1-52,,true,138,2
1556466947152,1,Open http://localhost:8080/spring-boot-jmeter/,302,,Sample Thread Group 1-53,,true,138,1
1556466947251,2,Open http://localhost:8080/spring-boot-jmeter/,302,,Sample Thread Group 1-54,,true,138,2
1556466947353,2,Open http://localhost:8080/spring-boot-jmeter/,302,,Sample Thread Group 1-55,,true,138,2
1556466947452,2,Open http://localhost:8080/spring-boot-jmeter/,302,,Sample Thread Group 1-56,,true,138,2
1556466947552,2,Open http://localhost:8080/spring-boot-jmeter/,302,,Sample Thread Group 1-57,,true,138,2
1556466947652,1,Open http://localhost:8080/spring-boot-jmeter/,302,,Sample Thread Group 1-58,,true,138,1
1556466947752,2,Open http://localhost:8080/spring-boot-jmeter/,302,,Sample Thread Group 1-59,,true,138,2
1556466947853,2,Open http://localhost:8080/spring-boot-jmeter/,302,,Sample Thread Group 1-60,,true,138,2
1556466947953,1,Open http://localhost:8080/spring-boot-jmeter/,302,,Sample Thread Group 1-61,,true,138,1
1556466948053,2,Open http://localhost:8080/spring-boot-jmeter/,302,,Sample Thread Group 1-62,,true,138,2
1556466948153,2,Open http://localhost:8080/spring-boot-jmeter/,302,,Sample Thread Group 1-63,,true,138,2
1556466948253,2,Open http://localhost:8080/spring-boot-jmeter/,302,,Sample Thread Group 1-64,,true,138,2
1556466948358,7,Open http://localhost:8080/spring-boot-jmeter/,302,,Sample Thread Group 1-65,,true,138,7
1556466948454,2,Open http://localhost:8080/spring-boot-jmeter/,302,,Sample Thread Group 1-66,,true,138,2
1556466948554,2,Open http://localhost:8080/spring-boot-jmeter/,302,,Sample Thread Group 1-67,,true,138,2
1556466948654,2,Open http://localhost:8080/spring-boot-jmeter/,302,,Sample Thread Group 1-68,,true,138,2
1556466948755,1,Open http://localhost:8080/spring-boot-jmeter/,302,,Sample Thread Group 1-69,,true,138,1
1556466948854,2,Open http://localhost:8080/spring-boot-jmeter/,302,,Sample Thread Group 1-70,,true,138,2
1556466948954,2,Open http://localhost:8080/spring-boot-jmeter/,302,,Sample Thread Group 1-71,,true,138,2
1556466949056,1,Open http://localhost:8080/spring-boot-jmeter/,302,,Sample Thread Group 1-72,,true,138,1
1556466949156,1,Open http://localhost:8080/spring-boot-jmeter/,302,,Sample Thread Group 1-73,,true,138,1
1556466949255,2,Open http://localhost:8080/spring-boot-jmeter/,302,,Sample Thread Group 1-74,,true,138,2
1556466949356,2,Open http://localhost:8080/spring-boot-jmeter/,302,,Sample Thread Group 1-75,,true,138,2
1556466949456,1,Open http://localhost:8080/spring-boot-jmeter/,302,,Sample Thread Group 1-76,,true,138,1
1556466949556,1,Open http://localhost:8080/spring-boot-jmeter/,302,,Sample Thread Group 1-77,,true,138,1
1556466949656,2,Open http://localhost:8080/spring-boot-jmeter/,302,,Sample Thread Group 1-78,,true,138,2
1556466949757,2,Open http://localhost:8080/spring-boot-jmeter/,302,,Sample Thread Group 1-79,,true,138,2
1556466949857,2,Open http://localhost:8080/spring-boot-jmeter/,302,,Sample Thread Group 1-80,,true,138,2
1556466949956,2,Open http://localhost:8080/spring-boot-jmeter/,302,,Sample Thread Group 1-81,,true,138,2
1556466950056,2,Open http://localhost:8080/spring-boot-jmeter/,302,,Sample Thread Group 1-82,,true,138,2
1556466950156,1,Open http://localhost:8080/spring-boot-jmeter/,302,,Sample Thread Group 1-83,,true,138,1
1556466950256,1,Open http://localhost:8080/spring-boot-jmeter/,302,,Sample Thread Group 1-84,,true,138,1
1556466950357,2,Open http://localhost:8080/spring-boot-jmeter/,302,,Sample Thread Group 1-85,,true,138,2
1556466950457,2,Open http://localhost:8080/spring-boot-jmeter/,302,,Sample Thread Group 1-86,,true,138,2
1556466950557,2,Open http://localhost:8080/spring-boot-jmeter/,302,,Sample Thread Group 1-87,,true,138,2
1556466950656,2,Open http://localhost:8080/spring-boot-jmeter/,302,,Sample Thread Group 1-88,,true,138,2
1556466950757,2,Open http://localhost:8080/spring-boot-jmeter/,302,,Sample Thread Group 1-89,,true,138,2
1556466950858,2,Open http://localhost:8080/spring-boot-jmeter/,302,,Sample Thread Group 1-90,,true,138,2
1556466950958,1,Open http://localhost:8080/spring-boot-jmeter/,302,,Sample Thread Group 1-91,,true,138,1
1556466951059,1,Open http://localhost:8080/spring-boot-jmeter/,302,,Sample Thread Group 1-92,,true,138,1
1556466951158,2,Open http://localhost:8080/spring-boot-jmeter/,302,,Sample Thread Group 1-93,,true,138,2
1556466951258,2,Open http://localhost:8080/spring-boot-jmeter/,302,,Sample Thread Group 1-94,,true,138,2
1556466951359,1,Open http://localhost:8080/spring-boot-jmeter/,302,,Sample Thread Group 1-95,,true,138,1
1556466951459,2,Open http://localhost:8080/spring-boot-jmeter/,302,,Sample Thread Group 1-96,,true,138,2
1556466951559,5,Open http://localhost:8080/spring-boot-jmeter/,302,,Sample Thread Group 1-97,,true,138,5
1556466951659,2,Open http://localhost:8080/spring-boot-jmeter/,302,,Sample Thread Group 1-98,,true,138,2
1556466951759,2,Open http://localhost:8080/spring-boot-jmeter/,302,,Sample Thread Group 1-99,,true,138,2
1556466951859,1,Open http://localhost:8080/spring-boot-jmeter/,302,,Sample Thread Group 1-100,,true,138,1
